Timestamp,Deposit ID,Sender,Recipient,Amount,Tip,Block Height,Query ID,Aggregate Timestamp,Claimed,Query Data
2025-06-20 13:24:27,1,0x7660794eF8f978Ea0922DC29B3b534d93e1fc94A,tellor14uunlpuap72k584770kpvlq72u7z488kemgwsx,99000000000000000000,100000000000000000,7944556,abd24ad7de0468ea1a78db7451aa889e4bf61cc9b69500be227cadf0c00e43e9,,yes,0000000000000000000000000000000000000000000000000000000000000040000000000000000000000000000000000000000000000000000000000000008000000000000000000000000000000000000000000000000000000000000000095452424272696467650000000000000000000000000000000000000000000000000000000000000000000000000000000000000000000000000000000000004000000000000000000000000000000000000000000000000000000000000000010000000000000000000000000000000000000000000000000000000000000001
2025-06-20 13:24:27,2,0x7660794eF8f978Ea0922DC29B3b534d93e1fc94A,tellor14uunlpuap72k584770kpvlq72u7z488kemgwsx,69000000000000000000,100000000000000000,7944566,bf63d283ae126a9e0c099f19579f0ce80632503a70cfa4fe0d5e37eb6e16bf2c,,yes,0000000000000000000000000000000000000000000000000000000000000040000000000000000000000000000000000000000000000000000000000000008000000000000000000000000000000000000000000000000000000000000000095452424272696467650000000000000000000000000000000000000000000000000000000000000000000000000000000000000000000000000000000000004000000000000000000000000000000000000000000000000000000000000000010000000000000000000000000000000000000000000000000000000000000002
2025-06-20 13:24:29,3,0x7660794eF8f978Ea0922DC29B3b534d93e1fc94A,tellor17gc67q05d5rgsz9caznm0s7s5eazwg2e3fkk8e,99000000000000000000,100000000000000000,7951474,97e25476d1379dcf4958abe62e2bd81b13adc63d42b908fb1252de268fe365cf,,yes,0000000000000000000000000000000000000000000000000000000000000040000000000000000000000000000000000000000000000000000000000000008000000000000000000000000000000000000000000000000000000000000000095452424272696467650000000000000000000000000000000000000000000000000000000000000000000000000000000000000000000000000000000000004000000000000000000000000000000000000000000000000000000000000000010000000000000000000000000000000000000000000000000000000000000003
2025-06-20 13:24:29,4,0x7660794eF8f978Ea0922DC29B3b534d93e1fc94A,tellor17gc67q05d5rgsz9caznm0s7s5eazwg2e3fkk8e,99000000000000000000,100000000000000000,7951479,3b5a98653f1b52ba4151f54b5e465caf051892632127af42b9b00987074b498c,,yes,0000000000000000000000000000000000000000000000000000000000000040000000000000000000000000000000000000000000000000000000000000008000000000000000000000000000000000000000000000000000000000000000095452424272696467650000000000000000000000000000000000000000000000000000000000000000000000000000000000000000000000000000000000004000000000000000000000000000000000000000000000000000000000000000010000000000000000000000000000000000000000000000000000000000000004
2025-06-20 13:24:29,5,0xe18DeB4bAeDdFbEE123d10912a413460f0B35cF9,tellor1heavygrqg2a3h4edlg0aznh6hyf6e9t9xfgufl,2000000000000000000,100000000000000000,7952016,cfad7fdfceaa60aba0f58de54e0c8a8e093d93754c5b75a37d43acf5c4acaf72,,yes,0000000000000000000000000000000000000000000000000000000000000040000000000000000000000000000000000000000000000000000000000000008000000000000000000000000000000000000000000000000000000000000000095452424272696467650000000000000000000000000000000000000000000000000000000000000000000000000000000000000000000000000000000000004000000000000000000000000000000000000000000000000000000000000000010000000000000000000000000000000000000000000000000000000000000005
2025-06-20 13:24:29,6,0x7660794eF8f978Ea0922DC29B3b534d93e1fc94A,tellor1ljjks7t8jh0tlvhqzu83hxdej5uuuwzkjdnz8r,12000000000000000000,5000000000000000,7996223,8c3b0a6482ebdfef228a898441f455287642b141845c02f52a30126fb6c10bc0,,yes,0000000000000000000000000000000000000000000000000000000000000040000000000000000000000000000000000000000000000000000000000000008000000000000000000000000000000000000000000000000000000000000000095452424272696467650000000000000000000000000000000000000000000000000000000000000000000000000000000000000000000000000000000000004000000000000000000000000000000000000000000000000000000000000000010000000000000000000000000000000000000000000000000000000000000006
2025-06-20 13:24:31,7,0x7660794eF8f978Ea0922DC29B3b534d93e1fc94A,tellor1ljjks7t8jh0tlvhqzu83hxdej5uuuwzkjdnz8r,12000000000000000000,5000000000000000,7996225,0aa7609688246f5cf23d381a9db874055eafce2f5dbab18422b6a0ba15bcef1c,,yes,0000000000000000000000000000000000000000000000000000000000000040000000000000000000000000000000000000000000000000000000000000008000000000000000000000000000000000000000000000000000000000000000095452424272696467650000000000000000000000000000000000000000000000000000000000000000000000000000000000000000000000000000000000004000000000000000000000000000000000000000000000000000000000000000010000000000000000000000000000000000000000000000000000000000000007
2025-06-20 13:24:31,8,0x7660794eF8f978Ea0922DC29B3b534d93e1fc94A,tellor1hn5ue2fw2lhsvtw85ltfd8ffuvpr2utk5tkxp2,1000000000000000000,50000000000000000,8007590,a61f7d6aa915a4cfed93ae3c26bad7e27c659c9fcc75a38f7250de19e918467f,,yes,0000000000000000000000000000000000000000000000000000000000000040000000000000000000000000000000000000000000000000000000000000008000000000000000000000000000000000000000000000000000000000000000095452424272696467650000000000000000000000000000000000000000000000000000000000000000000000000000000000000000000000000000000000004000000000000000000000000000000000000000000000000000000000000000010000000000000000000000000000000000000000000000000000000000000008
2025-06-20 13:24:31,9,0x7660794eF8f978Ea0922DC29B3b534d93e1fc94A,tellor17gc67q05d5rgsz9caznm0s7s5eazwg2e3fkk8e,1000000000000000000,50000000000000000,8015886,535b147a160db7516960fb6a0ffa61584e543024ae511c5137e1afd1354e5e5c,,yes,0000000000000000000000000000000000000000000000000000000000000040000000000000000000000000000000000000000000000000000000000000008000000000000000000000000000000000000000000000000000000000000000095452424272696467650000000000000000000000000000000000000000000000000000000000000000000000000000000000000000000000000000000000004000000000000000000000000000000000000000000000000000000000000000010000000000000000000000000000000000000000000000000000000000000009
2025-06-20 13:24:31,10,0x7660794eF8f978Ea0922DC29B3b534d93e1fc94A,tellor1vw2yy9nf3wz7hey89tpw5hn0yr3hkrzt889x47,100000000000000000000,30000000000000000,8024208,bfcd22fd89c516fcfe8bf96207ac5ac98cecba8c9d8360020c54425e3e78c044,,yes,000000000000000000000000000000000000000000000000000000000000004000000000000000000000000000000000000000000000000000000000000000800000000000000000000000000000000000000000000000000000000000000009545242427269646765000000000000000000000000000000000000000000000000000000000000000000000000000000000000000000000000000000000000400000000000000000000000000000000000000000000000000000000000000001000000000000000000000000000000000000000000000000000000000000000a
2025-06-20 13:24:32,11,0x90A7F615A2Bf185Bb3f76Ed07Afc0D23359625D6,tellor1vw2yy9nf3wz7hey89tpw5hn0yr3hkrzt889x47,69000000000000000000,10000000000000000,8024394,202dca51a6475ece1a12203a0d3174845f09716b388953dddd092e7a8de951aa,,yes,000000000000000000000000000000000000000000000000000000000000004000000000000000000000000000000000000000000000000000000000000000800000000000000000000000000000000000000000000000000000000000000009545242427269646765000000000000000000000000000000000000000000000000000000000000000000000000000000000000000000000000000000000000400000000000000000000000000000000000000000000000000000000000000001000000000000000000000000000000000000000000000000000000000000000b
2025-06-20 13:24:32,12,0x90A7F615A2Bf185Bb3f76Ed07Afc0D23359625D6,tellor1vw2yy9nf3wz7hey89tpw5hn0yr3hkrzt889x47,5800800000000000000,10000000000000000,8024409,997ae1558d98e61bc46f92e463caf3ddc4e4d775a13f7436958e1e640641ef55,,yes,000000000000000000000000000000000000000000000000000000000000004000000000000000000000000000000000000000000000000000000000000000800000000000000000000000000000000000000000000000000000000000000009545242427269646765000000000000000000000000000000000000000000000000000000000000000000000000000000000000000000000000000000000000400000000000000000000000000000000000000000000000000000000000000001000000000000000000000000000000000000000000000000000000000000000c
2025-06-20 13:24:32,13,0x90A7F615A2Bf185Bb3f76Ed07Afc0D23359625D6,tellor1vw2yy9nf3wz7hey89tpw5hn0yr3hkrzt889x47,69000000000000000000,10000000000000000,8027872,fe5fcec121e079b83191f9d529eee21621c8cb356d2bbf1b81c3c2ce6f0e8219,,yes,000000000000000000000000000000000000000000000000000000000000004000000000000000000000000000000000000000000000000000000000000000800000000000000000000000000000000000000000000000000000000000000009545242427269646765000000000000000000000000000000000000000000000000000000000000000000000000000000000000000000000000000000000000400000000000000000000000000000000000000000000000000000000000000001000000000000000000000000000000000000000000000000000000000000000d
2025-06-20 13:24:32,14,0xB2D6AAF0bca136C252Ec94F0f06c2489F734675f,tellor1zy50vdk8fdae0var2ryjhj2ysxtcm8dp2qtckd,10000000000000000000,1000000000000000000,8029490,5f536bfc2652eec064e3676f13d050fd3977d7d8f9f2b50bac947da4280931a3,,yes,000000000000000000000000000000000000000000000000000000000000004000000000000000000000000000000000000000000000000000000000000000800000000000000000000000000000000000000000000000000000000000000009545242427269646765000000000000000000000000000000000000000000000000000000000000000000000000000000000000000000000000000000000000400000000000000000000000000000000000000000000000000000000000000001000000000000000000000000000000000000000000000000000000000000000e
2025-06-20 13:24:32,15,0xfE2952AD10262C6b466070CA34dBB7fA54b882e3,tellor1heavygrqg2a3h4edlg0aznh6hyf6e9t9xfgufl,100000000000000000000,100000000000000000,8035936,af256c41f4f086cce5734b75ef7b8a89155fa5cb32cb2e1258ac8637bb236ae3,,yes,000000000000000000000000000000000000000000000000000000000000004000000000000000000000000000000000000000000000000000000000000000800000000000000000000000000000000000000000000000000000000000000009545242427269646765000000000000000000000000000000000000000000000000000000000000000000000000000000000000000000000000000000000000400000000000000000000000000000000000000000000000000000000000000001000000000000000000000000000000000000000000000000000000000000000f
2025-06-20 13:24:32,16,0x90A7F615A2Bf185Bb3f76Ed07Afc0D23359625D6,tellor1vw2yy9nf3wz7hey89tpw5hn0yr3hkrzt889x47,6000000000000000000,100000000000000000,8035956,c67e9c4de684232522baa86905b470d3ac058e78ebd8b607850b4d3fd3c6d04a,,yes,0000000000000000000000000000000000000000000000000000000000000040000000000000000000000000000000000000000000000000000000000000008000000000000000000000000000000000000000000000000000000000000000095452424272696467650000000000000000000000000000000000000000000000000000000000000000000000000000000000000000000000000000000000004000000000000000000000000000000000000000000000000000000000000000010000000000000000000000000000000000000000000000000000000000000010
2025-06-20 13:24:32,17,0x862581079DA1AbeC5fCaf372aAF2e80A86a45722,tellor1m6tuy2ek06yptcyhtd3t7h54uvv3wxgvmjckt9,202000000000000000000,500000000000000000,8043739,f5da9a06395773de67ff03585ea6f9abe3ff6eb7e6de221b61e5e483dfe19df5,,yes,0000000000000000000000000000000000000000000000000000000000000040000000000000000000000000000000000000000000000000000000000000008000000000000000000000000000000000000000000000000000000000000000095452424272696467650000000000000000000000000000000000000000000000000000000000000000000000000000000000000000000000000000000000004000000000000000000000000000000000000000000000000000000000000000010000000000000000000000000000000000000000000000000000000000000011
2025-06-20 13:24:32,18,0x300f14d31FAE362ed70471602eFaBf07633f81b2,tellor1mjm4y9fe3avqkh8g0z4zwtjrmcvxw2ee0x7pjs,50000000000000000000,1000000000000000000,8043805,1b199bb59f88f6d0194c8462ded9dad7791bae838f06a3d951777cedcfb7302a,,yes,0000000000000000000000000000000000000000000000000000000000000040000000000000000000000000000000000000000000000000000000000000008000000000000000000000000000000000000000000000000000000000000000095452424272696467650000000000000000000000000000000000000000000000000000000000000000000000000000000000000000000000000000000000004000000000000000000000000000000000000000000000000000000000000000010000000000000000000000000000000000000000000000000000000000000012
2025-06-20 13:24:32,19,0x742365d566173E1565168a3d7f3BCE468061e4ad,tellor13lqwnpnclcg6x0hrn5t72xxa8hy9ws7hljs537,98000000000000000000,0,8044938,1efc109b5d5f8eb1ff3a2f6ed2fdbf339656b2bf808ad105780f6e798faf6694,,yes,0000000000000000000000000000000000000000000000000000000000000040000000000000000000000000000000000000000000000000000000000000008000000000000000000000000000000000000000000000000000000000000000095452424272696467650000000000000000000000000000000000000000000000000000000000000000000000000000000000000000000000000000000000004000000000000000000000000000000000000000000000000000000000000000010000000000000000000000000000000000000000000000000000000000000013
2025-06-20 13:24:32,20,0x300f14d31FAE362ed70471602eFaBf07633f81b2,tellor1mjm4y9fe3avqkh8g0z4zwtjrmcvxw2ee0x7pjs,48900000000000000000,100000000000000000,8046538,ce9e5ff616ee03e10e4efa920b2f74fd132fbf0eec341a14b32bcbe28b6d2acd,,yes,0000000000000000000000000000000000000000000000000000000000000040000000000000000000000000000000000000000000000000000000000000008000000000000000000000000000000000000000000000000000000000000000095452424272696467650000000000000000000000000000000000000000000000000000000000000000000000000000000000000000000000000000000000004000000000000000000000000000000000000000000000000000000000000000010000000000000000000000000000000000000000000000000000000000000014
2025-06-20 13:24:32,21,0x1eA8CEA3c5DbaADcB3ACc879D8264060eD9A5229,tellor1lzv8ufuz2zu8f37wz8vy2sluljn3saap07vpek,5000000000000000000,10000000000000000,8047417,36e85a0c24bf86df7875f41663386c1b691810415f346cdde6908afe4e971d9f,,yes,0000000000000000000000000000000000000000000000000000000000000040000000000000000000000000000000000000000000000000000000000000008000000000000000000000000000000000000000000000000000000000000000095452424272696467650000000000000000000000000000000000000000000000000000000000000000000000000000000000000000000000000000000000004000000000000000000000000000000000000000000000000000000000000000010000000000000000000000000000000000000000000000000000000000000015
2025-06-20 13:24:32,22,0xDafC3B74A33a6Ca83243B809f67d37Ce0b0e677D,tellor14874aky5afw60wlukkgvc5fqcm68825t6j2qj8,1000000000000000000,100000000000000000,8049380,07743e448cd56150e94fc5c90aeace8e4c49d31f3d04065300908c049c9301ce,,yes,0000000000000000000000000000000000000000000000000000000000000040000000000000000000000000000000000000000000000000000000000000008000000000000000000000000000000000000000000000000000000000000000095452424272696467650000000000000000000000000000000000000000000000000000000000000000000000000000000000000000000000000000000000004000000000000000000000000000000000000000000000000000000000000000010000000000000000000000000000000000000000000000000000000000000016
2025-06-20 13:24:32,23,0xDafC3B74A33a6Ca83243B809f67d37Ce0b0e677D,tellor14874aky5afw60wlukkgvc5fqcm68825t6j2qj8,2000000000000000000,10000000000000000,8049425,34d6ad9faf2a20fb5d8a250670ac8912caf63cb5812736dfe93db80528d065ed,,yes,0000000000000000000000000000000000000000000000000000000000000040000000000000000000000000000000000000000000000000000000000000008000000000000000000000000000000000000000000000000000000000000000095452424272696467650000000000000000000000000000000000000000000000000000000000000000000000000000000000000000000000000000000000004000000000000000000000000000000000000000000000000000000000000000010000000000000000000000000000000000000000000000000000000000000017
2025-06-20 13:24:32,24,0xDafC3B74A33a6Ca83243B809f67d37Ce0b0e677D,tellor14874aky5afw60wlukkgvc5fqcm68825t6j2qj8,90000000000000000000,100000000000000000,8049470,b9421731695333a04bdc242df380aca6435cfbe7e0cf6742ff748f3f9fece7a4,,yes,0000000000000000000000000000000000000000000000000000000000000040000000000000000000000000000000000000000000000000000000000000008000000000000000000000000000000000000000000000000000000000000000095452424272696467650000000000000000000000000000000000000000000000000000000000000000000000000000000000000000000000000000000000004000000000000000000000000000000000000000000000000000000000000000010000000000000000000000000000000000000000000000000000000000000018
2025-06-20 13:24:34,25,0x50F604F0C74562BCb8a36CA29E1Dd3146403cD83,tellor1tf45m2r8x30zmpytlddhfu450eg9s5ad2upq9y,80000000000000000000,10000000000000000,8049471,0778c01bda867d6cccacb9ed83376536e3201a06f39989bc28ec869b4622ce24,,yes,0000000000000000000000000000000000000000000000000000000000000040000000000000000000000000000000000000000000000000000000000000008000000000000000000000000000000000000000000000000000000000000000095452424272696467650000000000000000000000000000000000000000000000000000000000000000000000000000000000000000000000000000000000004000000000000000000000000000000000000000000000000000000000000000010000000000000000000000000000000000000000000000000000000000000019
2025-06-20 13:24:34,26,0xc61Ee66c58A11E482C11Fae61cfD3127c0DE4e82,tellor1mkl462wk4q64825ce5escjcg0l3p5j2n3hu8h9,85000000000000000000,10000000000000000,8049550,6cb95211c00899857eb5884de884a8db16ee399213b8956a85c6e28736377593,,yes,000000000000000000000000000000000000000000000000000000000000004000000000000000000000000000000000000000000000000000000000000000800000000000000000000000000000000000000000000000000000000000000009545242427269646765000000000000000000000000000000000000000000000000000000000000000000000000000000000000000000000000000000000000400000000000000000000000000000000000000000000000000000000000000001000000000000000000000000000000000000000000000000000000000000001a
2025-06-20 13:24:34,27,0xa7476EC14cD663C742d527113638C77a1631Cc89,,90000000000000000000,1000000000000000,8049559,4f6d526e6dac4c3ea29e5e6b8d0550b0311f58a54564e3015cda792abae223d4,,yes,000000000000000000000000000000000000000000000000000000000000004000000000000000000000000000000000000000000000000000000000000000800000000000000000000000000000000000000000000000000000000000000009545242427269646765000000000000000000000000000000000000000000000000000000000000000000000000000000000000000000000000000000000000400000000000000000000000000000000000000000000000000000000000000001000000000000000000000000000000000000000000000000000000000000001b
2025-06-20 13:24:34,28,0x2940083C1E7eEc29410d233bEec620153BBA4405,tellor15fem3fyv9rv4tdl6kgrdj2fqqwv4p3sycgglxh,99000000000000000000,0,8049750,f97444285bf87b103d21ac247d63d91a575f201e2b09676dd5eafd3e25058ce1,,yes,000000000000000000000000000000000000000000000000000000000000004000000000000000000000000000000000000000000000000000000000000000800000000000000000000000000000000000000000000000000000000000000009545242427269646765000000000000000000000000000000000000000000000000000000000000000000000000000000000000000000000000000000000000400000000000000000000000000000000000000000000000000000000000000001000000000000000000000000000000000000000000000000000000000000001c
2025-06-20 13:24:40,29,0x9EF7b8dd1425B252d9468A53e6c9664da544D516,tellor1dn2kyjpyx4ns7ecu9m2wx72rdxz208x32x589d,99000000000000000000,100000000000000000,8050847,33256e16e4c156daff4c91aa76a3e78bd4ecb9d525818d5215500ac2b26a3b78,,yes,000000000000000000000000000000000000000000000000000000000000004000000000000000000000000000000000000000000000000000000000000000800000000000000000000000000000000000000000000000000000000000000009545242427269646765000000000000000000000000000000000000000000000000000000000000000000000000000000000000000000000000000000000000400000000000000000000000000000000000000000000000000000000000000001000000000000000000000000000000000000000000000000000000000000001d
2025-06-20 13:24:40,30,0xa7476EC14cD663C742d527113638C77a1631Cc89,tellor1k8v5l8spru8hc58nr84nmumdm83j3cuz4ecpl6,95000000000000000000,10000000000000000,8051158,f502fc56cd7493f35531c7723c7ac7916b824ab50670ca0af40d2b78316c212c,,yes,000000000000000000000000000000000000000000000000000000000000004000000000000000000000000000000000000000000000000000000000000000800000000000000000000000000000000000000000000000000000000000000009545242427269646765000000000000000000000000000000000000000000000000000000000000000000000000000000000000000000000000000000000000400000000000000000000000000000000000000000000000000000000000000001000000000000000000000000000000000000000000000000000000000000001e
2025-06-20 13:24:40,31,0x1eA8CEA3c5DbaADcB3ACc879D8264060eD9A5229,tellor1lzv8ufuz2zu8f37wz8vy2sluljn3saap07vpek,90000000000000000000,10000000000000000,8051204,eb05fb8eefb4ba830ce6ccdc11da7c27267df489c664e60b68994f67444a1bf3,,yes,000000000000000000000000000000000000000000000000000000000000004000000000000000000000000000000000000000000000000000000000000000800000000000000000000000000000000000000000000000000000000000000009545242427269646765000000000000000000000000000000000000000000000000000000000000000000000000000000000000000000000000000000000000400000000000000000000000000000000000000000000000000000000000000001000000000000000000000000000000000000000000000000000000000000001f
2025-06-20 13:24:40,32,0x50F604F0C74562BCb8a36CA29E1Dd3146403cD83,,15000000000000000000,1000000000000000,8053131,fa32492ad8e6f2c2af46c01ef6939aba0f22f7850144f0775880cc472c0dd17d,1743823663034,no,0000000000000000000000000000000000000000000000000000000000000040000000000000000000000000000000000000000000000000000000000000008000000000000000000000000000000000000000000000000000000000000000095452424272696467650000000000000000000000000000000000000000000000000000000000000000000000000000000000000000000000000000000000004000000000000000000000000000000000000000000000000000000000000000010000000000000000000000000000000000000000000000000000000000000020
2025-06-20 13:24:42,33,0x50F604F0C74562BCb8a36CA29E1Dd3146403cD83,tellor1tf45m2r8x30zmpytlddhfu450eg9s5ad2upq9y,2000000000000000000,1000000000000000,8053152,3ad27be9bb17611111bc3b2f2c39b258069e3c9fe6e6978f5e854549e18e9193,,yes,0000000000000000000000000000000000000000000000000000000000000040000000000000000000000000000000000000000000000000000000000000008000000000000000000000000000000000000000000000000000000000000000095452424272696467650000000000000000000000000000000000000000000000000000000000000000000000000000000000000000000000000000000000004000000000000000000000000000000000000000000000000000000000000000010000000000000000000000000000000000000000000000000000000000000021
2025-06-20 13:24:42,34,0xc61Ee66c58A11E482C11Fae61cfD3127c0DE4e82,tellor1mkl462wk4q64825ce5escjcg0l3p5j2n3hu8h9,10000000000000000000,10000000000000000,8053157,a10bd13b605cccfa49e111788c0133f9d02c5bc1024f0e24d298d37db474e43f,,yes,0000000000000000000000000000000000000000000000000000000000000040000000000000000000000000000000000000000000000000000000000000008000000000000000000000000000000000000000000000000000000000000000095452424272696467650000000000000000000000000000000000000000000000000000000000000000000000000000000000000000000000000000000000004000000000000000000000000000000000000000000000000000000000000000010000000000000000000000000000000000000000000000000000000000000022
2025-06-20 13:24:42,35,0xF1DB79e60A9aF05C237A592Dddf2c7766A154C77,tellor1n8a2au0p0w49rctey3mxh3kajsdqtdyp4vrtfz,90000000000000000000,100000000000000000,8057300,ad641346099999046c756e2126df1e580e92af1ca010ac64cb7b1c99f10f77f7,,yes,0000000000000000000000000000000000000000000000000000000000000040000000000000000000000000000000000000000000000000000000000000008000000000000000000000000000000000000000000000000000000000000000095452424272696467650000000000000000000000000000000000000000000000000000000000000000000000000000000000000000000000000000000000004000000000000000000000000000000000000000000000000000000000000000010000000000000000000000000000000000000000000000000000000000000023
2025-06-20 13:24:42,36,0x1775b8740b609682c07A247130d77B9022687206,tellor1qma4ngrq2vqz6j82u548lder3ue6m25agqv9rt,98500000000000000000,200000000000000000,8057878,f704558849827d9bbd2fde1e108691954a86a826a5ba50368383b1908c249570,,yes,0000000000000000000000000000000000000000000000000000000000000040000000000000000000000000000000000000000000000000000000000000008000000000000000000000000000000000000000000000000000000000000000095452424272696467650000000000000000000000000000000000000000000000000000000000000000000000000000000000000000000000000000000000004000000000000000000000000000000000000000000000000000000000000000010000000000000000000000000000000000000000000000000000000000000024
2025-06-20 13:24:43,37,0x67Bc9A2ad98C51467EaeDD1F328D681Df8346B3b,tellor1vm72um55v6jcc259wt6dpqckdl8cfhpmfltd5q,95000000000000000000,4000000000000000000,8059435,26872fdaee49f07f6378517a9e64ee6a8c31ee083d3302f129bfbec458a9b83f,,yes,0000000000000000000000000000000000000000000000000000000000000040000000000000000000000000000000000000000000000000000000000000008000000000000000000000000000000000000000000000000000000000000000095452424272696467650000000000000000000000000000000000000000000000000000000000000000000000000000000000000000000000000000000000004000000000000000000000000000000000000000000000000000000000000000010000000000000000000000000000000000000000000000000000000000000025
2025-06-20 13:24:43,38,0x9760747a27594196d211B7cd62c37e239F61Ea58,tellor13l5f93zutylh847cnmd2rpg6hha86dju649964,55000000000000000000,10000000000000000,8061396,b56703858f4e47e6711e6699ae5aa80f5f1639630f7db894b7f25881e58d15c8,,yes,0000000000000000000000000000000000000000000000000000000000000040000000000000000000000000000000000000000000000000000000000000008000000000000000000000000000000000000000000000000000000000000000095452424272696467650000000000000000000000000000000000000000000000000000000000000000000000000000000000000000000000000000000000004000000000000000000000000000000000000000000000000000000000000000010000000000000000000000000000000000000000000000000000000000000026
2025-06-20 13:24:43,39,0xF1DB79e60A9aF05C237A592Dddf2c7766A154C77,tellor1n8a2au0p0w49rctey3mxh3kajsdqtdyp4vrtfz,3000000000000000000,100000000000000000,8063723,220c7385233484cc260fefbafc8a1b57c591144352b500da8f3199685e41d0b1,,yes,0000000000000000000000000000000000000000000000000000000000000040000000000000000000000000000000000000000000000000000000000000008000000000000000000000000000000000000000000000000000000000000000095452424272696467650000000000000000000000000000000000000000000000000000000000000000000000000000000000000000000000000000000000004000000000000000000000000000000000000000000000000000000000000000010000000000000000000000000000000000000000000000000000000000000027
2025-06-20 13:24:43,40,0x90A7F615A2Bf185Bb3f76Ed07Afc0D23359625D6,tellor1vw2yy9nf3wz7hey89tpw5hn0yr3hkrzt889x47,69000000000000000000,10000000000000000,8071530,08538e4a94df44c5b4f0be5e74070442fa9b2134532ed5fbe96ed58b0ec9de7c,,yes,0000000000000000000000000000000000000000000000000000000000000040000000000000000000000000000000000000000000000000000000000000008000000000000000000000000000000000000000000000000000000000000000095452424272696467650000000000000000000000000000000000000000000000000000000000000000000000000000000000000000000000000000000000004000000000000000000000000000000000000000000000000000000000000000010000000000000000000000000000000000000000000000000000000000000028
2025-06-20 13:24:45,41,0x0d7EFfEFdB084DfEB1621348c8C70cc4e871Eba4,tellor1vzp25djcsjt7lmpgqvys7rqjfg0k4ytkmm8n7r,500000000000000000000,100000000000000000,8071762,35f703e155e29fbc63fe4f63dae8b1da5df36561dc3e0e75f9a8d40bb074b324,,yes,0000000000000000000000000000000000000000000000000000000000000040000000000000000000000000000000000000000000000000000000000000008000000000000000000000000000000000000000000000000000000000000000095452424272696467650000000000000000000000000000000000000000000000000000000000000000000000000000000000000000000000000000000000004000000000000000000000000000000000000000000000000000000000000000010000000000000000000000000000000000000000000000000000000000000029
2025-06-20 13:24:45,42,0xBDcf00040f9b61bC74e0ac77c44401ABe96FEf3C,tellor1y7y66xp3vrn8e6k4vxa7ygh7judy2jx40r2ktw,50000000000000000000,50000000000000000000,8072093,58300c12c56f19f784f4e11d7ae813d275455195cb48e0ef5fac8a14329ebf78,,yes,000000000000000000000000000000000000000000000000000000000000004000000000000000000000000000000000000000000000000000000000000000800000000000000000000000000000000000000000000000000000000000000009545242427269646765000000000000000000000000000000000000000000000000000000000000000000000000000000000000000000000000000000000000400000000000000000000000000000000000000000000000000000000000000001000000000000000000000000000000000000000000000000000000000000002a
2025-06-20 13:24:45,43,0xD6e8cA1687A87210494092ee96785393049251c4,tellor1352g2lt8h2r86k88vmnkhse9s056gn8cv0vuhd,98000000000000000000,500000000000000000,8084253,82795eef1150843b3e372331eb73e78facb77a401feded446a0baeaca1c1325b,,yes,000000000000000000000000000000000000000000000000000000000000004000000000000000000000000000000000000000000000000000000000000000800000000000000000000000000000000000000000000000000000000000000009545242427269646765000000000000000000000000000000000000000000000000000000000000000000000000000000000000000000000000000000000000400000000000000000000000000000000000000000000000000000000000000001000000000000000000000000000000000000000000000000000000000000002b
2025-06-20 13:24:45,44,0x5a4153E17599b9A06c2D44F648dc0D1c8bd43cAa,tellor1d0t6p47asr8p9smeq9a93qhmfgtwmcagtyv5hw,55000000000000000000,100000000000000000,8088155,af317499ab4b9509c1f9935ef4ef0c01715eb14e15eb9afd16c3b585c1360297,,yes,000000000000000000000000000000000000000000000000000000000000004000000000000000000000000000000000000000000000000000000000000000800000000000000000000000000000000000000000000000000000000000000009545242427269646765000000000000000000000000000000000000000000000000000000000000000000000000000000000000000000000000000000000000400000000000000000000000000000000000000000000000000000000000000001000000000000000000000000000000000000000000000000000000000000002c
2025-06-20 13:24:47,45,0xE438E4668cDeeb46336Ef42c6c75A54D0b089658,tellor1a60lcwf7l0h6grhxjkskd4m304tl69sffxlda3,96000000000000000000,250000000000000000,8091022,fd6d391ab9304cd8b30d53efa924742b25dc4b6ebd60fdf945a30d2b0124cfac,,yes,000000000000000000000000000000000000000000000000000000000000004000000000000000000000000000000000000000000000000000000000000000800000000000000000000000000000000000000000000000000000000000000009545242427269646765000000000000000000000000000000000000000000000000000000000000000000000000000000000000000000000000000000000000400000000000000000000000000000000000000000000000000000000000000001000000000000000000000000000000000000000000000000000000000000002d
2025-06-20 13:24:47,46,0x50F604F0C74562BCb8a36CA29E1Dd3146403cD83,tellor1tf45m2r8x30zmpytlddhfu450eg9s5ad2upq9y,15000000000000000000,1000000000000000,8091274,0ffab209c8ba97c8b488b82e557940fdfbcc12fe3eb88f37225fe286e1a53b3c,,yes,000000000000000000000000000000000000000000000000000000000000004000000000000000000000000000000000000000000000000000000000000000800000000000000000000000000000000000000000000000000000000000000009545242427269646765000000000000000000000000000000000000000000000000000000000000000000000000000000000000000000000000000000000000400000000000000000000000000000000000000000000000000000000000000001000000000000000000000000000000000000000000000000000000000000002e
2025-06-20 13:24:47,47,0x0BBa1164Ba9C45393D68b2b4AF19312D212411F6,tellor1gnr3smk3yvqrzfpgdz492u23gtkn4aasgyfyj6,90000000000000000000,100000000000000000,8096368,c551f1023faed83f7221cb5118ea3a1c896f40d92685a0b186d6b00e32dc85d5,,yes,000000000000000000000000000000000000000000000000000000000000004000000000000000000000000000000000000000000000000000000000000000800000000000000000000000000000000000000000000000000000000000000009545242427269646765000000000000000000000000000000000000000000000000000000000000000000000000000000000000000000000000000000000000400000000000000000000000000000000000000000000000000000000000000001000000000000000000000000000000000000000000000000000000000000002f
2025-06-20 13:24:47,48,0xa13E545cBfabAf34CcC5989919B8da274B5951d6,tellor15edk9n3g7h052uen6rm99ckpc75p3vlfzsf5jr,99000000000000000000,0,8096528,7b8a1ae4dcfd866b27fa58b945fe81bc0cb0777d44a1ae88c9468efabfa10a74,,yes,0000000000000000000000000000000000000000000000000000000000000040000000000000000000000000000000000000000000000000000000000000008000000000000000000000000000000000000000000000000000000000000000095452424272696467650000000000000000000000000000000000000000000000000000000000000000000000000000000000000000000000000000000000004000000000000000000000000000000000000000000000000000000000000000010000000000000000000000000000000000000000000000000000000000000030
2025-06-20 13:24:48,49,0x862581079DA1AbeC5fCaf372aAF2e80A86a45722,tellor1m6tuy2ek06yptcyhtd3t7h54uvv3wxgvmjckt9,501000000000000000000,500000000000000000,8097541,bcb582867b980d0b52806a72306bf5c6c42885ad8c5ce9d68003af4d6adfc68b,,yes,0000000000000000000000000000000000000000000000000000000000000040000000000000000000000000000000000000000000000000000000000000008000000000000000000000000000000000000000000000000000000000000000095452424272696467650000000000000000000000000000000000000000000000000000000000000000000000000000000000000000000000000000000000004000000000000000000000000000000000000000000000000000000000000000010000000000000000000000000000000000000000000000000000000000000031
2025-06-20 13:24:48,50,0x0BBa1164Ba9C45393D68b2b4AF19312D212411F6,tellor1gnr3smk3yvqrzfpgdz492u23gtkn4aasgyfyj6,8990000000000000000,10000000000000000,8115994,a17696b75618cb0d55828376bef84d4fffe335faba7866bee748b95272e12630,,yes,0000000000000000000000000000000000000000000000000000000000000040000000000000000000000000000000000000000000000000000000000000008000000000000000000000000000000000000000000000000000000000000000095452424272696467650000000000000000000000000000000000000000000000000000000000000000000000000000000000000000000000000000000000004000000000000000000000000000000000000000000000000000000000000000010000000000000000000000000000000000000000000000000000000000000032
2025-06-20 13:24:48,51,0x49E64258958fDcaDA583f9Dd7cBbC174776A9426,tellor1srsvq5facrpzdsmc32nn2rdzfg0mrlk3xk5tuz,95000000000000000000,300000000000000000,8117579,30933992d3b1adfe1d1888d4e574bf32a10edac643518194f9d16a3a2af1e223,,yes,0000000000000000000000000000000000000000000000000000000000000040000000000000000000000000000000000000000000000000000000000000008000000000000000000000000000000000000000000000000000000000000000095452424272696467650000000000000000000000000000000000000000000000000000000000000000000000000000000000000000000000000000000000004000000000000000000000000000000000000000000000000000000000000000010000000000000000000000000000000000000000000000000000000000000033
2025-06-20 13:24:48,52,0xfE2952AD10262C6b466070CA34dBB7fA54b882e3,tellor1heavygrqg2a3h4edlg0aznh6hyf6e9t9xfgufl,1000000000000000000,0,8124848,fefa1a9f8df362aac65e8bdf6fe4db4dee66b9b14e3595dbb5794a437292466a,,yes,0000000000000000000000000000000000000000000000000000000000000040000000000000000000000000000000000000000000000000000000000000008000000000000000000000000000000000000000000000000000000000000000095452424272696467650000000000000000000000000000000000000000000000000000000000000000000000000000000000000000000000000000000000004000000000000000000000000000000000000000000000000000000000000000010000000000000000000000000000000000000000000000000000000000000034
2025-06-20 13:24:50,53,0xBDcf00040f9b61bC74e0ac77c44401ABe96FEf3C,tellor1y7y66xp3vrn8e6k4vxa7ygh7judy2jx40r2ktw,40000000000000000000,35000000000000000000,8126086,4c17f5fe7f320781418d6316ddf2e1b446b0c30a8dd35dd3e3b2468d06967ca4,,yes,0000000000000000000000000000000000000000000000000000000000000040000000000000000000000000000000000000000000000000000000000000008000000000000000000000000000000000000000000000000000000000000000095452424272696467650000000000000000000000000000000000000000000000000000000000000000000000000000000000000000000000000000000000004000000000000000000000000000000000000000000000000000000000000000010000000000000000000000000000000000000000000000000000000000000035
2025-06-20 13:24:50,54,0xB2D6AAF0bca136C252Ec94F0f06c2489F734675f,tellor1952ghnp9jat6eraqakdjruplrj9c40f0tn5jld,10000000000000000000,0,8131964,83b72a402de3f71e5b33f531c43cebd59af4018d310f00d54c3ce82b2a6358f7,,yes,0000000000000000000000000000000000000000000000000000000000000040000000000000000000000000000000000000000000000000000000000000008000000000000000000000000000000000000000000000000000000000000000095452424272696467650000000000000000000000000000000000000000000000000000000000000000000000000000000000000000000000000000000000004000000000000000000000000000000000000000000000000000000000000000010000000000000000000000000000000000000000000000000000000000000036
2025-06-20 13:24:50,55,0xB2D6AAF0bca136C252Ec94F0f06c2489F734675f,tellor1952ghnp9jat6eraqakdjruplrj9c40f0tn5jld,10000000000000000000,0,8131975,ffd63fb1598657a4cd9cf28c6bad51c1d00bf380ea0154a834ee575e6d1bcc59,,yes,0000000000000000000000000000000000000000000000000000000000000040000000000000000000000000000000000000000000000000000000000000008000000000000000000000000000000000000000000000000000000000000000095452424272696467650000000000000000000000000000000000000000000000000000000000000000000000000000000000000000000000000000000000004000000000000000000000000000000000000000000000000000000000000000010000000000000000000000000000000000000000000000000000000000000037
2025-06-20 13:24:50,56,0x17CCDfc7Da0273fcd6e89E1a46E89EE9DbC2B800,tellor13nwzm5dfd26ue74jr6sc39gyn3qze0rj8jferl,49000000000000000000,1000000000000000000,8132190,03993abb13b22e9c97d985ef325bdcb05bdcd77a87d92ba5b252c5434f198658,,yes,0000000000000000000000000000000000000000000000000000000000000040000000000000000000000000000000000000000000000000000000000000008000000000000000000000000000000000000000000000000000000000000000095452424272696467650000000000000000000000000000000000000000000000000000000000000000000000000000000000000000000000000000000000004000000000000000000000000000000000000000000000000000000000000000010000000000000000000000000000000000000000000000000000000000000038
2025-06-20 13:24:52,57,0x17CCDfc7Da0273fcd6e89E1a46E89EE9DbC2B800,tellor13nwzm5dfd26ue74jr6sc39gyn3qze0rj8jferl,49500000000000000000,1000000000000000000,8132987,695b9aa233ae7651890a83bd4af0f3ef0a4f65544c39a8f97413becd6edb84fb,,yes,0000000000000000000000000000000000000000000000000000000000000040000000000000000000000000000000000000000000000000000000000000008000000000000000000000000000000000000000000000000000000000000000095452424272696467650000000000000000000000000000000000000000000000000000000000000000000000000000000000000000000000000000000000004000000000000000000000000000000000000000000000000000000000000000010000000000000000000000000000000000000000000000000000000000000039
2025-06-20 13:24:52,58,0x853d68DC8B0e1D00234BB1A98B2ba107500Cb013,tellor1mtfcujfwtk5kdcf7svnwj6ucfnv9s0v0phhsht,10000000000000000000,0,8138267,2dff2f5584935327079b40e028a6a6ed83e58941055c225580b5f20c4fcf15f5,,yes,000000000000000000000000000000000000000000000000000000000000004000000000000000000000000000000000000000000000000000000000000000800000000000000000000000000000000000000000000000000000000000000009545242427269646765000000000000000000000000000000000000000000000000000000000000000000000000000000000000000000000000000000000000400000000000000000000000000000000000000000000000000000000000000001000000000000000000000000000000000000000000000000000000000000003a
2025-06-20 13:24:52,59,0x90A7F615A2Bf185Bb3f76Ed07Afc0D23359625D6,tellor17gc67q05d5rgsz9caznm0s7s5eazwg2e3fkk8e,69000000000000000000,100000000000000000,8138546,009e4fdc4f89a3057721e4807cb0bf80caae81d32b27bea3d3b8a8fab02a5255,,yes,000000000000000000000000000000000000000000000000000000000000004000000000000000000000000000000000000000000000000000000000000000800000000000000000000000000000000000000000000000000000000000000009545242427269646765000000000000000000000000000000000000000000000000000000000000000000000000000000000000000000000000000000000000400000000000000000000000000000000000000000000000000000000000000001000000000000000000000000000000000000000000000000000000000000003b
2025-06-20 13:24:52,60,0x90A7F615A2Bf185Bb3f76Ed07Afc0D23359625D6,tellor17gc67q05d5rgsz9caznm0s7s5eazwg2e3fkk8e,69000000000000000000,100000000000000000,8138579,6808df85a623a6f25533acd040a80dfd56b71b5900bf835b3e38cb9cfdb189ee,,yes,000000000000000000000000000000000000000000000000000000000000004000000000000000000000000000000000000000000000000000000000000000800000000000000000000000000000000000000000000000000000000000000009545242427269646765000000000000000000000000000000000000000000000000000000000000000000000000000000000000000000000000000000000000400000000000000000000000000000000000000000000000000000000000000001000000000000000000000000000000000000000000000000000000000000003c
2025-06-20 13:24:53,61,0x853d68DC8B0e1D00234BB1A98B2ba107500Cb013,tellor1mtfcujfwtk5kdcf7svnwj6ucfnv9s0v0phhsht,5000000000000000000,0,8138604,5cf8cff2e5709446edc3f330b9baf9f185bff3bcaa37f02b5c3d091e24babd11,,yes,000000000000000000000000000000000000000000000000000000000000004000000000000000000000000000000000000000000000000000000000000000800000000000000000000000000000000000000000000000000000000000000009545242427269646765000000000000000000000000000000000000000000000000000000000000000000000000000000000000000000000000000000000000400000000000000000000000000000000000000000000000000000000000000001000000000000000000000000000000000000000000000000000000000000003d
2025-06-20 13:24:53,62,0x853d68DC8B0e1D00234BB1A98B2ba107500Cb013,tellor1mtfcujfwtk5kdcf7svnwj6ucfnv9s0v0phhsht,5000000000000000000,0,8138634,68d2e1a7a616fbbf9750f8471cf2e611c92c70ed09615887f7fd90159b5dfed9,,yes,000000000000000000000000000000000000000000000000000000000000004000000000000000000000000000000000000000000000000000000000000000800000000000000000000000000000000000000000000000000000000000000009545242427269646765000000000000000000000000000000000000000000000000000000000000000000000000000000000000000000000000000000000000400000000000000000000000000000000000000000000000000000000000000001000000000000000000000000000000000000000000000000000000000000003e
2025-06-20 13:24:53,63,0x853d68DC8B0e1D00234BB1A98B2ba107500Cb013,tellor1mtfcujfwtk5kdcf7svnwj6ucfnv9s0v0phhsht,5000000000000000000,0,8138792,aa10c53cf10a328b4e56a955efab36bfb4da8c2aae981ea9773ea0a6c1a1ece2,,yes,000000000000000000000000000000000000000000000000000000000000004000000000000000000000000000000000000000000000000000000000000000800000000000000000000000000000000000000000000000000000000000000009545242427269646765000000000000000000000000000000000000000000000000000000000000000000000000000000000000000000000000000000000000400000000000000000000000000000000000000000000000000000000000000001000000000000000000000000000000000000000000000000000000000000003f
2025-06-20 13:24:53,64,0x853d68DC8B0e1D00234BB1A98B2ba107500Cb013,tellor1mtfcujfwtk5kdcf7svnwj6ucfnv9s0v0phhsht,5000000000000000000,0,8139015,1cb55595d9458f388c3500b8e5c2ea2dd3e874e911872d48d22e234090e7604b,,yes,0000000000000000000000000000000000000000000000000000000000000040000000000000000000000000000000000000000000000000000000000000008000000000000000000000000000000000000000000000000000000000000000095452424272696467650000000000000000000000000000000000000000000000000000000000000000000000000000000000000000000000000000000000004000000000000000000000000000000000000000000000000000000000000000010000000000000000000000000000000000000000000000000000000000000040
2025-06-20 13:25:00,65,0xee63AFdB3EcEf9b93464FA274e55885DE7ddd3Cf,tellor19jca9zrsqhwxex54z3kwvyv6w8hmmpve8ulq8t,99000000000000000000,0,8145174,ad87640112479f29d577d12f3f3888dd29aad64f4e669ad085aa64c14725c658,,yes,0000000000000000000000000000000000000000000000000000000000000040000000000000000000000000000000000000000000000000000000000000008000000000000000000000000000000000000000000000000000000000000000095452424272696467650000000000000000000000000000000000000000000000000000000000000000000000000000000000000000000000000000000000004000000000000000000000000000000000000000000000000000000000000000010000000000000000000000000000000000000000000000000000000000000041
2025-06-20 13:25:00,66,0xBB02c563D7e6b2F0d6AF1946DBfe1C1b0Dc20943,tellor10usyr7v4xe2uhtnvg4kwtgtuzh5e4u2378zjj9,10000000000000000000,0,8145430,af1e52b3487587bb60c85a172552f109d8696f7989e5b5b3ca91f9530b4777cf,,yes,0000000000000000000000000000000000000000000000000000000000000040000000000000000000000000000000000000000000000000000000000000008000000000000000000000000000000000000000000000000000000000000000095452424272696467650000000000000000000000000000000000000000000000000000000000000000000000000000000000000000000000000000000000004000000000000000000000000000000000000000000000000000000000000000010000000000000000000000000000000000000000000000000000000000000042
2025-06-20 13:25:00,67,0x853d68DC8B0e1D00234BB1A98B2ba107500Cb013,tellor1mtfcujfwtk5kdcf7svnwj6ucfnv9s0v0phhsht,5000000000000000000,0,8146260,de1e29fe47aa19347ffddc2493538b3a7a42704f13706be23f18f349f997be5c,,yes,0000000000000000000000000000000000000000000000000000000000000040000000000000000000000000000000000000000000000000000000000000008000000000000000000000000000000000000000000000000000000000000000095452424272696467650000000000000000000000000000000000000000000000000000000000000000000000000000000000000000000000000000000000004000000000000000000000000000000000000000000000000000000000000000010000000000000000000000000000000000000000000000000000000000000043
2025-06-20 13:25:02,68,0xfE2952AD10262C6b466070CA34dBB7fA54b882e3,tellor1heavygrqg2a3h4edlg0aznh6hyf6e9t9xfgufl,1000000000000000000,0,8146421,a41cd1d6ea388fdcf79b58d8f4be24d005cebd49dab16bd40f19948d62131fd8,,yes,0000000000000000000000000000000000000000000000000000000000000040000000000000000000000000000000000000000000000000000000000000008000000000000000000000000000000000000000000000000000000000000000095452424272696467650000000000000000000000000000000000000000000000000000000000000000000000000000000000000000000000000000000000004000000000000000000000000000000000000000000000000000000000000000010000000000000000000000000000000000000000000000000000000000000044
2025-06-20 13:25:02,69,0xfE2952AD10262C6b466070CA34dBB7fA54b882e3,tellor1heavygrqg2a3h4edlg0aznh6hyf6e9t9xfgufl,1000000000000000000,0,8146462,79617872c25ce82a1ace4cb6a339c0c1c3de73bf19490e336119b58d05bffa4c,,yes,0000000000000000000000000000000000000000000000000000000000000040000000000000000000000000000000000000000000000000000000000000008000000000000000000000000000000000000000000000000000000000000000095452424272696467650000000000000000000000000000000000000000000000000000000000000000000000000000000000000000000000000000000000004000000000000000000000000000000000000000000000000000000000000000010000000000000000000000000000000000000000000000000000000000000045
2025-06-20 13:25:02,70,0xfE2952AD10262C6b466070CA34dBB7fA54b882e3,tellor1heavygrqg2a3h4edlg0aznh6hyf6e9t9xfgufl,1000000000000000000,0,8146502,dc9185ea00779098764f0d1f386c1de59ae3af5f95585ec684cc6dbe1a668528,,yes,0000000000000000000000000000000000000000000000000000000000000040000000000000000000000000000000000000000000000000000000000000008000000000000000000000000000000000000000000000000000000000000000095452424272696467650000000000000000000000000000000000000000000000000000000000000000000000000000000000000000000000000000000000004000000000000000000000000000000000000000000000000000000000000000010000000000000000000000000000000000000000000000000000000000000046
2025-06-20 13:25:02,71,0xfE2952AD10262C6b466070CA34dBB7fA54b882e3,tellor1heavygrqg2a3h4edlg0aznh6hyf6e9t9xfgufl,1000000000000000000,0,8146539,6dfe6b4ecd4cecc1d26000030ba2a5245340bb61f8577ca6da4fcf5c1f32a341,,yes,0000000000000000000000000000000000000000000000000000000000000040000000000000000000000000000000000000000000000000000000000000008000000000000000000000000000000000000000000000000000000000000000095452424272696467650000000000000000000000000000000000000000000000000000000000000000000000000000000000000000000000000000000000004000000000000000000000000000000000000000000000000000000000000000010000000000000000000000000000000000000000000000000000000000000047
2025-06-20 13:25:02,72,0xfE2952AD10262C6b466070CA34dBB7fA54b882e3,tellor1heavygrqg2a3h4edlg0aznh6hyf6e9t9xfgufl,1000000000000000000,0,8146633,9eb823c656836e250e98f5572bd0905bb2c62257614ea2b271c2b3c17df8f580,,yes,0000000000000000000000000000000000000000000000000000000000000040000000000000000000000000000000000000000000000000000000000000008000000000000000000000000000000000000000000000000000000000000000095452424272696467650000000000000000000000000000000000000000000000000000000000000000000000000000000000000000000000000000000000004000000000000000000000000000000000000000000000000000000000000000010000000000000000000000000000000000000000000000000000000000000048
2025-06-20 13:25:03,73,0x853d68DC8B0e1D00234BB1A98B2ba107500Cb013,tellor1mtfcujfwtk5kdcf7svnwj6ucfnv9s0v0phhsht,5000000000000000000,0,8146951,9486a8e46447d29525db9d1211896a1c666d4ea0b7f4cc42a8f739169297bb83,,yes,0000000000000000000000000000000000000000000000000000000000000040000000000000000000000000000000000000000000000000000000000000008000000000000000000000000000000000000000000000000000000000000000095452424272696467650000000000000000000000000000000000000000000000000000000000000000000000000000000000000000000000000000000000004000000000000000000000000000000000000000000000000000000000000000010000000000000000000000000000000000000000000000000000000000000049
2025-06-20 13:25:03,74,0xD6907B83f0a3cf5Eeb03991510e5c5A0260C430d,tellor1kxchhyvpc6mz7y8sc8vr8peqqle820awm59qgd,190000000000000000000,0,8149510,9c0e261094104c6bb00c755b737718614d7d7479dbb7aae024cda3956bf5553e,,yes,000000000000000000000000000000000000000000000000000000000000004000000000000000000000000000000000000000000000000000000000000000800000000000000000000000000000000000000000000000000000000000000009545242427269646765000000000000000000000000000000000000000000000000000000000000000000000000000000000000000000000000000000000000400000000000000000000000000000000000000000000000000000000000000001000000000000000000000000000000000000000000000000000000000000004a
2025-06-20 13:25:03,75,0xD6907B83f0a3cf5Eeb03991510e5c5A0260C430d,tellor1kxchhyvpc6mz7y8sc8vr8peqqle820awm59qgd,1000000000000000000,0,8149538,ca8d22b4b34fb2df987b4090ff51bb51319e0ef7f9e86d1ea1dd3f15e9f21f41,,yes,000000000000000000000000000000000000000000000000000000000000004000000000000000000000000000000000000000000000000000000000000000800000000000000000000000000000000000000000000000000000000000000009545242427269646765000000000000000000000000000000000000000000000000000000000000000000000000000000000000000000000000000000000000400000000000000000000000000000000000000000000000000000000000000001000000000000000000000000000000000000000000000000000000000000004b
2025-06-20 13:25:05,76,0xed133D902aeC149e4cF8A19e35b7Db25E5eE9389,tellor1pn5yc5vdesc6ef05dge95axza5leyy37f7wg8p,98000000000000000000,0,8157481,c4b3666f093006152264fa7259192b7a611650d65884e292fe7dac09161c228b,,yes,000000000000000000000000000000000000000000000000000000000000004000000000000000000000000000000000000000000000000000000000000000800000000000000000000000000000000000000000000000000000000000000009545242427269646765000000000000000000000000000000000000000000000000000000000000000000000000000000000000000000000000000000000000400000000000000000000000000000000000000000000000000000000000000001000000000000000000000000000000000000000000000000000000000000004c
2025-06-20 13:25:05,77,0xBDcf00040f9b61bC74e0ac77c44401ABe96FEf3C,tellor1y7y66xp3vrn8e6k4vxa7ygh7judy2jx40r2ktw,20000000000000000000,0,8160419,a004ae10f1640b074a09b0461cd1b39878968ccd9380c1005e092bf17e61cdcc,,yes,000000000000000000000000000000000000000000000000000000000000004000000000000000000000000000000000000000000000000000000000000000800000000000000000000000000000000000000000000000000000000000000009545242427269646765000000000000000000000000000000000000000000000000000000000000000000000000000000000000000000000000000000000000400000000000000000000000000000000000000000000000000000000000000001000000000000000000000000000000000000000000000000000000000000004d
2025-06-20 13:25:05,78,0xfE2952AD10262C6b466070CA34dBB7fA54b882e3,tellor1heavygrqg2a3h4edlg0aznh6hyf6e9t9xfgufl,1000000000000000000,0,8166507,1731ec50463bced03f92a07529e68a5f65863bd9983477eedbfa1a6bef44fd8a,,yes,000000000000000000000000000000000000000000000000000000000000004000000000000000000000000000000000000000000000000000000000000000800000000000000000000000000000000000000000000000000000000000000009545242427269646765000000000000000000000000000000000000000000000000000000000000000000000000000000000000000000000000000000000000400000000000000000000000000000000000000000000000000000000000000001000000000000000000000000000000000000000000000000000000000000004e
2025-06-20 13:25:05,79,0xfE2952AD10262C6b466070CA34dBB7fA54b882e3,tellor1heavygrqg2a3h4edlg0aznh6hyf6e9t9xfgufl,1000000000000000000,0,8166537,b8a2d50f77e0ab28a98feab55b4ec03cfe1ac4cc8fb32518b4ac23239a27f964,,yes,000000000000000000000000000000000000000000000000000000000000004000000000000000000000000000000000000000000000000000000000000000800000000000000000000000000000000000000000000000000000000000000009545242427269646765000000000000000000000000000000000000000000000000000000000000000000000000000000000000000000000000000000000000400000000000000000000000000000000000000000000000000000000000000001000000000000000000000000000000000000000000000000000000000000004f
2025-06-20 13:25:05,80,0xB0FaB482703DfD908AF80A409A38fb410F29c6c9,tellor1d526tw7sf8fy35lz644uxeh68he0c5w6xsekaf,98000000000000000000,0,8168414,fca2b5c80eec3c642f523293361919240e08bee638c3b3cad85de88f91d27f05,,yes,0000000000000000000000000000000000000000000000000000000000000040000000000000000000000000000000000000000000000000000000000000008000000000000000000000000000000000000000000000000000000000000000095452424272696467650000000000000000000000000000000000000000000000000000000000000000000000000000000000000000000000000000000000004000000000000000000000000000000000000000000000000000000000000000010000000000000000000000000000000000000000000000000000000000000050
2025-06-20 13:25:07,81,0xD6907B83f0a3cf5Eeb03991510e5c5A0260C430d,tellor1kxchhyvpc6mz7y8sc8vr8peqqle820awm59qgd,5000000000000000000,0,8214944,c4331ed3aea1c82255056ff1eb88612b11b6391a2904c35927ee4cb97b6cdc06,,yes,0000000000000000000000000000000000000000000000000000000000000040000000000000000000000000000000000000000000000000000000000000008000000000000000000000000000000000000000000000000000000000000000095452424272696467650000000000000000000000000000000000000000000000000000000000000000000000000000000000000000000000000000000000004000000000000000000000000000000000000000000000000000000000000000010000000000000000000000000000000000000000000000000000000000000051
2025-06-20 13:25:07,82,0xBB02c563D7e6b2F0d6AF1946DBfe1C1b0Dc20943,tellor12lxd34vvnkjk5j5dfqwwxch89uvhvhj6y36xaq,5000000000000000000,0,8220656,1d2793960716b03afb2156a6f0fc5aff378434dc7565dedff7dcf9d86dcbabef,,yes,0000000000000000000000000000000000000000000000000000000000000040000000000000000000000000000000000000000000000000000000000000008000000000000000000000000000000000000000000000000000000000000000095452424272696467650000000000000000000000000000000000000000000000000000000000000000000000000000000000000000000000000000000000004000000000000000000000000000000000000000000000000000000000000000010000000000000000000000000000000000000000000000000000000000000052
2025-06-20 13:25:07,83,0x50F604F0C74562BCb8a36CA29E1Dd3146403cD83,tellor1tf45m2r8x30zmpytlddhfu450eg9s5ad2upq9y,2000000000000000000,0,8223998,bf8dec7cb976243f98278033994cb0751d1ad4da7d6ad6f6c07b361a540992df,,yes,0000000000000000000000000000000000000000000000000000000000000040000000000000000000000000000000000000000000000000000000000000008000000000000000000000000000000000000000000000000000000000000000095452424272696467650000000000000000000000000000000000000000000000000000000000000000000000000000000000000000000000000000000000004000000000000000000000000000000000000000000000000000000000000000010000000000000000000000000000000000000000000000000000000000000053
2025-06-20 13:25:08,84,0xc61Ee66c58A11E482C11Fae61cfD3127c0DE4e82,tellor1mkl462wk4q64825ce5escjcg0l3p5j2n3hu8h9,4000000000000000000,0,8223998,9bf186290842fb1803dea8f282120e1e419b7604cece5197f8ce798b2d742ac9,,yes,0000000000000000000000000000000000000000000000000000000000000040000000000000000000000000000000000000000000000000000000000000008000000000000000000000000000000000000000000000000000000000000000095452424272696467650000000000000000000000000000000000000000000000000000000000000000000000000000000000000000000000000000000000004000000000000000000000000000000000000000000000000000000000000000010000000000000000000000000000000000000000000000000000000000000054
2025-06-20 13:25:08,85,0x17CCDfc7Da0273fcd6e89E1a46E89EE9DbC2B800,tellor13nwzm5dfd26ue74jr6sc39gyn3qze0rj8jferl,500000000000000000,0,8231106,f5e7d44be15dfc498cd8bfffceacca71484ced34474a2738b104a8b5a68eb64a,,yes,0000000000000000000000000000000000000000000000000000000000000040000000000000000000000000000000000000000000000000000000000000008000000000000000000000000000000000000000000000000000000000000000095452424272696467650000000000000000000000000000000000000000000000000000000000000000000000000000000000000000000000000000000000004000000000000000000000000000000000000000000000000000000000000000010000000000000000000000000000000000000000000000000000000000000055
2025-06-20 13:25:08,86,0xc3ed3238A1aB1E0967458FA99FFC38fd4eF0b617,tellor1h2ekr5q6aydeedcdzrf6gdwetsygqyepgp4yzx,99000000000000000000,0,8234893,b83b2a636281bd46649285e7455e60debc8af247ea5195b1ba855f206a809805,,yes,0000000000000000000000000000000000000000000000000000000000000040000000000000000000000000000000000000000000000000000000000000008000000000000000000000000000000000000000000000000000000000000000095452424272696467650000000000000000000000000000000000000000000000000000000000000000000000000000000000000000000000000000000000004000000000000000000000000000000000000000000000000000000000000000010000000000000000000000000000000000000000000000000000000000000056
2025-06-20 13:25:08,87,0x90A7F615A2Bf185Bb3f76Ed07Afc0D23359625D6,tellor14uunlpuap72k584770kpvlq72u7z488kemgwsx,6900000000000000000,0,8241197,d0a898ce5fc1f44aa6c578e40ad059921d86978bdccde82cdf1be2b7a4251e5c,,yes,0000000000000000000000000000000000000000000000000000000000000040000000000000000000000000000000000000000000000000000000000000008000000000000000000000000000000000000000000000000000000000000000095452424272696467650000000000000000000000000000000000000000000000000000000000000000000000000000000000000000000000000000000000004000000000000000000000000000000000000000000000000000000000000000010000000000000000000000000000000000000000000000000000000000000057
2025-06-20 13:25:10,88,0xed133D902aeC149e4cF8A19e35b7Db25E5eE9389,tellor1pn5yc5vdesc6ef05dge95axza5leyy37f7wg8p,500000000000000000,500000000000000000,8241356,2e7023d032d35a977a607f60400d840217f7502279c7371b685d7513b63a393b,,yes,0000000000000000000000000000000000000000000000000000000000000040000000000000000000000000000000000000000000000000000000000000008000000000000000000000000000000000000000000000000000000000000000095452424272696467650000000000000000000000000000000000000000000000000000000000000000000000000000000000000000000000000000000000004000000000000000000000000000000000000000000000000000000000000000010000000000000000000000000000000000000000000000000000000000000058
2025-06-20 13:25:10,89,0x90A7F615A2Bf185Bb3f76Ed07Afc0D23359625D6,tellor14uunlpuap72k584770kpvlq72u7z488kemgwsx,6900000000000000000,0,8242569,376f1ba2ff0366bf9e07f43a90246e6180ae98b398200e61c113ed9eea20cd7c,,yes,0000000000000000000000000000000000000000000000000000000000000040000000000000000000000000000000000000000000000000000000000000008000000000000000000000000000000000000000000000000000000000000000095452424272696467650000000000000000000000000000000000000000000000000000000000000000000000000000000000000000000000000000000000004000000000000000000000000000000000000000000000000000000000000000010000000000000000000000000000000000000000000000000000000000000059
2025-06-20 13:25:10,90,0x90A7F615A2Bf185Bb3f76Ed07Afc0D23359625D6,tellor17gc67q05d5rgsz9caznm0s7s5eazwg2e3fkk8e,10000000000000000000,0,8242569,2655c6c69a933bd98f9d07f57ce97756c08fe89d91279f462f87b7d95c30eafd,,yes,000000000000000000000000000000000000000000000000000000000000004000000000000000000000000000000000000000000000000000000000000000800000000000000000000000000000000000000000000000000000000000000009545242427269646765000000000000000000000000000000000000000000000000000000000000000000000000000000000000000000000000000000000000400000000000000000000000000000000000000000000000000000000000000001000000000000000000000000000000000000000000000000000000000000005a
2025-06-20 13:25:10,91,0x1eA8CEA3c5DbaADcB3ACc879D8264060eD9A5229,tellor1lzv8ufuz2zu8f37wz8vy2sluljn3saap07vpek,4000000000000000000,0,8247401,4ee9e4fc1e1d64549ba15456fef3668ef1de4d6bd6d7ac330ee53da7411622a3,,yes,000000000000000000000000000000000000000000000000000000000000004000000000000000000000000000000000000000000000000000000000000000800000000000000000000000000000000000000000000000000000000000000009545242427269646765000000000000000000000000000000000000000000000000000000000000000000000000000000000000000000000000000000000000400000000000000000000000000000000000000000000000000000000000000001000000000000000000000000000000000000000000000000000000000000005b
2025-06-20 13:25:12,92,0xBDcf00040f9b61bC74e0ac77c44401ABe96FEf3C,tellor1y7y66xp3vrn8e6k4vxa7ygh7judy2jx40r2ktw,8000000000000000000,0,8266450,e77a39aa4ecc91de772e62c62dafe5574ba953b45c2208ab45b2c60bfe94aa81,,yes,000000000000000000000000000000000000000000000000000000000000004000000000000000000000000000000000000000000000000000000000000000800000000000000000000000000000000000000000000000000000000000000009545242427269646765000000000000000000000000000000000000000000000000000000000000000000000000000000000000000000000000000000000000400000000000000000000000000000000000000000000000000000000000000001000000000000000000000000000000000000000000000000000000000000005c
2025-06-20 13:25:12,93,0xBDcf00040f9b61bC74e0ac77c44401ABe96FEf3C,tellor1y7y66xp3vrn8e6k4vxa7ygh7judy2jx40r2ktw,50000000000000000000,0,8273516,481c1e4d078e9d016637755017e90eedb7499cdbbd3d0db4f25087151c61f77c,,yes,000000000000000000000000000000000000000000000000000000000000004000000000000000000000000000000000000000000000000000000000000000800000000000000000000000000000000000000000000000000000000000000009545242427269646765000000000000000000000000000000000000000000000000000000000000000000000000000000000000000000000000000000000000400000000000000000000000000000000000000000000000000000000000000001000000000000000000000000000000000000000000000000000000000000005d
2025-06-20 13:25:12,94,0xBDcf00040f9b61bC74e0ac77c44401ABe96FEf3C,tellor1y7y66xp3vrn8e6k4vxa7ygh7judy2jx40r2ktw,30000000000000000000,0,8280423,38c3891c20261d147c4ff0fb89974f16805f4cbdece95a6d8f7f99b773afc00b,,yes,000000000000000000000000000000000000000000000000000000000000004000000000000000000000000000000000000000000000000000000000000000800000000000000000000000000000000000000000000000000000000000000009545242427269646765000000000000000000000000000000000000000000000000000000000000000000000000000000000000000000000000000000000000400000000000000000000000000000000000000000000000000000000000000001000000000000000000000000000000000000000000000000000000000000005e
2025-06-20 13:25:12,95,0x0d7EFfEFdB084DfEB1621348c8C70cc4e871Eba4,tellor1vm3awjytk37znyy0p0xhtmztw72g4yamq5wyf9,100000000000000000000,0,8332774,bbaa488cfbe52d80846c7cc02889fa99134dcb77c5a8c08f31fb250cba866981,,yes,000000000000000000000000000000000000000000000000000000000000004000000000000000000000000000000000000000000000000000000000000000800000000000000000000000000000000000000000000000000000000000000009545242427269646765000000000000000000000000000000000000000000000000000000000000000000000000000000000000000000000000000000000000400000000000000000000000000000000000000000000000000000000000000001000000000000000000000000000000000000000000000000000000000000005f
2025-06-20 13:25:13,96,0x90A7F615A2Bf185Bb3f76Ed07Afc0D23359625D6,tellor14uunlpuap72k584770kpvlq72u7z488kemgwsx,69000000000000000000,0,8369477,27f6a1b8298c6833553ec7e802a4d8e7f7702a15b980bceddc6e96cdf06bfc33,,yes,0000000000000000000000000000000000000000000000000000000000000040000000000000000000000000000000000000000000000000000000000000008000000000000000000000000000000000000000000000000000000000000000095452424272696467650000000000000000000000000000000000000000000000000000000000000000000000000000000000000000000000000000000000004000000000000000000000000000000000000000000000000000000000000000010000000000000000000000000000000000000000000000000000000000000060
2025-06-20 13:25:13,97,0x90A7F615A2Bf185Bb3f76Ed07Afc0D23359625D6,tellor15ap5jyn02a6s45qsgk5dqc5zu09ma50nrepq2v,6690000000000000000,0,8370498,2b658f1e0d6479bbf3458b66ea67eea6b5396d3e472da2489b33c36a8c960aec,,yes,0000000000000000000000000000000000000000000000000000000000000040000000000000000000000000000000000000000000000000000000000000008000000000000000000000000000000000000000000000000000000000000000095452424272696467650000000000000000000000000000000000000000000000000000000000000000000000000000000000000000000000000000000000004000000000000000000000000000000000000000000000000000000000000000010000000000000000000000000000000000000000000000000000000000000061
2025-06-20 13:25:13,98,0xed133D902aeC149e4cF8A19e35b7Db25E5eE9389,tellor1pn5yc5vdesc6ef05dge95axza5leyy37f7wg8p,500000000000000000,0,8390072,7ec1abe4087392cbdb0502630e750c1b1d757513c0fa8f8af1b58da28241d674,,yes,0000000000000000000000000000000000000000000000000000000000000040000000000000000000000000000000000000000000000000000000000000008000000000000000000000000000000000000000000000000000000000000000095452424272696467650000000000000000000000000000000000000000000000000000000000000000000000000000000000000000000000000000000000004000000000000000000000000000000000000000000000000000000000000000010000000000000000000000000000000000000000000000000000000000000062
2025-06-20 13:25:13,99,0x90A7F615A2Bf185Bb3f76Ed07Afc0D23359625D6,tellor1vw2yy9nf3wz7hey89tpw5hn0yr3hkrzt889x47,1690000000000000000,0,8428457,5b4d9a84af0d6be3f476f0118a3bff9ecba24e7cf7be5eab6bcaa9aebb8ce21c,,yes,0000000000000000000000000000000000000000000000000000000000000040000000000000000000000000000000000000000000000000000000000000008000000000000000000000000000000000000000000000000000000000000000095452424272696467650000000000000000000000000000000000000000000000000000000000000000000000000000000000000000000000000000000000004000000000000000000000000000000000000000000000000000000000000000010000000000000000000000000000000000000000000000000000000000000063
2025-06-20 13:25:13,100,0xB2D6AAF0bca136C252Ec94F0f06c2489F734675f,tellor1072q49v0sacgmlq4hkwzhryz5zefgl73jg5493,1000000000000000000,0,8433277,c00953f8e523d70be26bf3539b88c3c7dea12473e97c5b7ec52cf3bd004b1497,,yes,0000000000000000000000000000000000000000000000000000000000000040000000000000000000000000000000000000000000000000000000000000008000000000000000000000000000000000000000000000000000000000000000095452424272696467650000000000000000000000000000000000000000000000000000000000000000000000000000000000000000000000000000000000004000000000000000000000000000000000000000000000000000000000000000010000000000000000000000000000000000000000000000000000000000000064
2025-06-20 13:25:15,101,0xB2D6AAF0bca136C252Ec94F0f06c2489F734675f,tellor1072q49v0sacgmlq4hkwzhryz5zefgl73jg5493,1000000000000000000,0,8440536,7b7ee76781af1c944805c7bedb3ecd545f453fdd4d68865e3ba297865060e2c4,,yes,0000000000000000000000000000000000000000000000000000000000000040000000000000000000000000000000000000000000000000000000000000008000000000000000000000000000000000000000000000000000000000000000095452424272696467650000000000000000000000000000000000000000000000000000000000000000000000000000000000000000000000000000000000004000000000000000000000000000000000000000000000000000000000000000010000000000000000000000000000000000000000000000000000000000000065
2025-06-20 13:25:15,102,0xB2D6AAF0bca136C252Ec94F0f06c2489F734675f,tellor1072q49v0sacgmlq4hkwzhryz5zefgl73jg5493,1000000000000000000,0,8456881,7d11a7d0643a09317ef4da886a3b5ed15d1e1eeb572c87b8c8bb60806383a48d,,yes,0000000000000000000000000000000000000000000000000000000000000040000000000000000000000000000000000000000000000000000000000000008000000000000000000000000000000000000000000000000000000000000000095452424272696467650000000000000000000000000000000000000000000000000000000000000000000000000000000000000000000000000000000000004000000000000000000000000000000000000000000000000000000000000000010000000000000000000000000000000000000000000000000000000000000066
2025-06-20 13:25:15,103,0xfE2952AD10262C6b466070CA34dBB7fA54b882e3,tellor10hjky3kdxxu5eqjh290ltc2tlvgj5rgsll4rl8,5000000000000000000,0,8462456,017287e2b23d199af6ca8e6fd7596184ff91cc9e2b5f12762380533af9ba47de,,yes,0000000000000000000000000000000000000000000000000000000000000040000000000000000000000000000000000000000000000000000000000000008000000000000000000000000000000000000000000000000000000000000000095452424272696467650000000000000000000000000000000000000000000000000000000000000000000000000000000000000000000000000000000000004000000000000000000000000000000000000000000000000000000000000000010000000000000000000000000000000000000000000000000000000000000067
2025-06-20 13:25:15,104,0xD6907B83f0a3cf5Eeb03991510e5c5A0260C430d,tellor1kxchhyvpc6mz7y8sc8vr8peqqle820awm59qgd,2000000000000000000,0,8478123,9adce55c543e336ca52d6d1d653e14918255eba7bed74ee08c76d69bcbbeba39,,yes,0000000000000000000000000000000000000000000000000000000000000040000000000000000000000000000000000000000000000000000000000000008000000000000000000000000000000000000000000000000000000000000000095452424272696467650000000000000000000000000000000000000000000000000000000000000000000000000000000000000000000000000000000000004000000000000000000000000000000000000000000000000000000000000000010000000000000000000000000000000000000000000000000000000000000068
2025-06-20 13:25:17,105,0xfE2952AD10262C6b466070CA34dBB7fA54b882e3,tellor1heavygrqg2a3h4edlg0aznh6hyf6e9t9xfgufl,1000000000000000000,0,8570036,a80e382b895a8cea5d70ca1d7490bcb6214c8a9246e670a85f6746de26f9d647,,yes,0000000000000000000000000000000000000000000000000000000000000040000000000000000000000000000000000000000000000000000000000000008000000000000000000000000000000000000000000000000000000000000000095452424272696467650000000000000000000000000000000000000000000000000000000000000000000000000000000000000000000000000000000000004000000000000000000000000000000000000000000000000000000000000000010000000000000000000000000000000000000000000000000000000000000069
